GEO.id,Id
GEO.id2,Id2
GEO.display-label,Geography
HC01_EST_VC02,Number; Estimate; HOUSING OCCUPANCY - Total housing units
HC01_MOE_VC02,Number; Margin of Error; HOUSING OCCUPANCY - Total housing units
HC02_EST_VC02,Percent; Estimate; HOUSING OCCUPANCY - Total housing units
HC02_MOE_VC02,Percent; Margin of Error; HOUSING OCCUPANCY - Total housing units
HC01_EST_VC03,Number; Estimate; HOUSING OCCUPANCY - Total housing units - Occupied housing units
HC01_MOE_VC03,Number; Margin of Error; HOUSING OCCUPANCY - Total housing units - Occupied housing units
HC02_EST_VC03,Percent; Estimate; HOUSING OCCUPANCY - Total housing units - Occupied housing units
HC02_MOE_VC03,Percent; Margin of Error; HOUSING OCCUPANCY - Total housing units - Occupied housing units
HC01_EST_VC04,Number; Estimate; HOUSING OCCUPANCY - Total housing units - Vacant housing units
HC01_MOE_VC04,Number; Margin of Error; HOUSING OCCUPANCY - Total housing units - Vacant housing units
HC02_EST_VC04,Percent; Estimate; HOUSING OCCUPANCY - Total housing units - Vacant housing units
HC02_MOE_VC04,Percent; Margin of Error; HOUSING OCCUPANCY - Total housing units - Vacant housing units
HC01_EST_VC05,Number; Estimate; HOUSING OCCUPANCY - Total housing units - Homeowner vacancy rate
HC01_MOE_VC05,Number; Margin of Error; HOUSING OCCUPANCY - Total housing units - Homeowner vacancy rate
HC02_EST_VC05,Percent; Estimate; HOUSING OCCUPANCY - Total housing units - Homeowner vacancy rate
HC02_MOE_VC05,Percent; Margin of Error; HOUSING OCCUPANCY - Total housing units - Homeowner vacancy rate
HC01_EST_VC06,Number; Estimate; HOUSING OCCUPANCY - Total housing units - Rental vacancy rate
HC01_MOE_VC06,Number; Margin of Error; HOUSING OCCUPANCY - Total housing units - Rental vacancy rate
HC02_EST_VC06,Percent; Estimate; HOUSING OCCUPANCY - Total housing units - Rental vacancy rate
HC02_MOE_VC06,Percent; Margin of Error; HOUSING OCCUPANCY - Total housing units - Rental vacancy rate
HC01_EST_VC08,Number; Estimate; UNITS IN STRUCTURE - Total housing units
HC01_MOE_VC08,Number; Margin of Error; UNITS IN STRUCTURE - Total housing units
HC02_EST_VC08,Percent; Estimate; UNITS IN STRUCTURE - Total housing units
HC02_MOE_VC08,Percent; Margin of Error; UNITS IN STRUCTURE - Total housing units
HC01_EST_VC09,"Number; Estimate; UNITS IN STRUCTURE - 1-unit, detached"
HC01_MOE_VC09,"Number; Margin of Error; UNITS IN STRUCTURE - 1-unit, detached"
HC02_EST_VC09,"Percent; Estimate; UNITS IN STRUCTURE - 1-unit, detached"
HC02_MOE_VC09,"Percent; Margin of Error; UNITS IN STRUCTURE - 1-unit, detached"
HC01_EST_VC10,"Number; Estimate; UNITS IN STRUCTURE - 1-unit, attached"
HC01_MOE_VC10,"Number; Margin of Error; UNITS IN STRUCTURE - 1-unit, attached"
HC02_EST_VC10,"Percent; Estimate; UNITS IN STRUCTURE - 1-unit, attached"
HC02_MOE_VC10,"Percent; Margin of Error; UNITS IN STRUCTURE - 1-unit, attached"
HC01_EST_VC11,Number; Estimate; UNITS IN STRUCTURE - 2 units
HC01_MOE_VC11,Number; Margin of Error; UNITS IN STRUCTURE - 2 units
HC02_EST_VC11,Percent; Estimate; UNITS IN STRUCTURE - 2 units
HC02_MOE_VC11,Percent; Margin of Error; UNITS IN STRUCTURE - 2 units
HC01_EST_VC12,Number; Estimate; UNITS IN STRUCTURE - 3 or 4 units
HC01_MOE_VC12,Number; Margin of Error; UNITS IN STRUCTURE - 3 or 4 units
HC02_EST_VC12,Percent; Estimate; UNITS IN STRUCTURE - 3 or 4 units
HC02_MOE_VC12,Percent; Margin of Error; UNITS IN STRUCTURE - 3 or 4 units
HC01_EST_VC13,Number; Estimate; UNITS IN STRUCTURE - 5 to 9 units
HC01_MOE_VC13,Number; Margin of Error; UNITS IN STRUCTURE - 5 to 9 units
HC02_EST_VC13,Percent; Estimate; UNITS IN STRUCTURE - 5 to 9 units
HC02_MOE_VC13,Percent; Margin of Error; UNITS IN STRUCTURE - 5 to 9 units
HC01_EST_VC14,Number; Estimate; UNITS IN STRUCTURE - 10 to 19 units
HC01_MOE_VC14,Number; Margin of Error; UNITS IN STRUCTURE - 10 to 19 units
HC02_EST_VC14,Percent; Estimate; UNITS IN STRUCTURE - 10 to 19 units
HC02_MOE_VC14,Percent; Margin of Error; UNITS IN STRUCTURE - 10 to 19 units
HC01_EST_VC15,Number; Estimate; UNITS IN STRUCTURE - 20 or more units
HC01_MOE_VC15,Number; Margin of Error; UNITS IN STRUCTURE - 20 or more units
HC02_EST_VC15,Percent; Estimate; UNITS IN STRUCTURE - 20 or more units
HC02_MOE_VC15,Percent; Margin of Error; UNITS IN STRUCTURE - 20 or more units
HC01_EST_VC16,Number; Estimate; UNITS IN STRUCTURE - Mobile home
HC01_MOE_VC16,Number; Margin of Error; UNITS IN STRUCTURE - Mobile home
HC02_EST_VC16,Percent; Estimate; UNITS IN STRUCTURE - Mobile home
HC02_MOE_VC16,Percent; Margin of Error; UNITS IN STRUCTURE - Mobile home
HC01_EST_VC17,"Number; Estimate; UNITS IN STRUCTURE - Boat, RV, van, etc."
HC01_MOE_VC17,"Number; Margin of Error; UNITS IN STRUCTURE - Boat, RV, van, etc."
HC02_EST_VC17,"Percent; Estimate; UNITS IN STRUCTURE - Boat, RV, van, etc."
HC02_MOE_VC17,"Percent; Margin of Error; UNITS IN STRUCTURE - Boat, RV, van, etc."
HC01_EST_VC19,Number; Estimate; YEAR STRUCTURE BUILT - Total housing units
HC01_MOE_VC19,Number; Margin of Error; YEAR STRUCTURE BUILT - Total housing units
HC02_EST_VC19,Percent; Estimate; YEAR STRUCTURE BUILT - Total housing units
HC02_MOE_VC19,Percent; Margin of Error; YEAR STRUCTURE BUILT - Total housing units
HC01_EST_VC20,Number; Estimate; YEAR STRUCTURE BUILT - Built 2005 or later
HC01_MOE_VC20,Number; Margin of Error; YEAR STRUCTURE BUILT - Built 2005 or later
HC02_EST_VC20,Percent; Estimate; YEAR STRUCTURE BUILT - Built 2005 or later
HC02_MOE_VC20,Percent; Margin of Error; YEAR STRUCTURE BUILT - Built 2005 or later
HC01_EST_VC21,Number; Estimate; YEAR STRUCTURE BUILT - Built 2000 to 2004
HC01_MOE_VC21,Number; Margin of Error; YEAR STRUCTURE BUILT - Built 2000 to 2004
HC02_EST_VC21,Percent; Estimate; YEAR STRUCTURE BUILT - Built 2000 to 2004
HC02_MOE_VC21,Percent; Margin of Error; YEAR STRUCTURE BUILT - Built 2000 to 2004
HC01_EST_VC22,Number; Estimate; YEAR STRUCTURE BUILT - Built 1990 to 1999
HC01_MOE_VC22,Number; Margin of Error; YEAR STRUCTURE BUILT - Built 1990 to 1999
HC02_EST_VC22,Percent; Estimate; YEAR STRUCTURE BUILT - Built 1990 to 1999
HC02_MOE_VC22,Percent; Margin of Error; YEAR STRUCTURE BUILT - Built 1990 to 1999
HC01_EST_VC23,Number; Estimate; YEAR STRUCTURE BUILT - Built 1980 to 1989
HC01_MOE_VC23,Number; Margin of Error; YEAR STRUCTURE BUILT - Built 1980 to 1989
HC02_EST_VC23,Percent; Estimate; YEAR STRUCTURE BUILT - Built 1980 to 1989
HC02_MOE_VC23,Percent; Margin of Error; YEAR STRUCTURE BUILT - Built 1980 to 1989
HC01_EST_VC24,Number; Estimate; YEAR STRUCTURE BUILT - Built 1970 to 1979
HC01_MOE_VC24,Number; Margin of Error; YEAR STRUCTURE BUILT - Built 1970 to 1979
HC02_EST_VC24,Percent; Estimate; YEAR STRUCTURE BUILT - Built 1970 to 1979
HC02_MOE_VC24,Percent; Margin of Error; YEAR STRUCTURE BUILT - Built 1970 to 1979
HC01_EST_VC25,Number; Estimate; YEAR STRUCTURE BUILT - Built 1960 to 1969
HC01_MOE_VC25,Number; Margin of Error; YEAR STRUCTURE BUILT - Built 1960 to 1969
HC02_EST_VC25,Percent; Estimate; YEAR STRUCTURE BUILT - Built 1960 to 1969
HC02_MOE_VC25,Percent; Margin of Error; YEAR STRUCTURE BUILT - Built 1960 to 1969
HC01_EST_VC26,Number; Estimate; YEAR STRUCTURE BUILT - Built 1950 to 1959
HC01_MOE_VC26,Number; Margin of Error; YEAR STRUCTURE BUILT - Built 1950 to 1959
HC02_EST_VC26,Percent; Estimate; YEAR STRUCTURE BUILT - Built 1950 to 1959
HC02_MOE_VC26,Percent; Margin of Error; YEAR STRUCTURE BUILT - Built 1950 to 1959
HC01_EST_VC27,Number; Estimate; YEAR STRUCTURE BUILT - Built 1940 to 1949
HC01_MOE_VC27,Number; Margin of Error; YEAR STRUCTURE BUILT - Built 1940 to 1949
HC02_EST_VC27,Percent; Estimate; YEAR STRUCTURE BUILT - Built 1940 to 1949
HC02_MOE_VC27,Percent; Margin of Error; YEAR STRUCTURE BUILT - Built 1940 to 1949
HC01_EST_VC28,Number; Estimate; YEAR STRUCTURE BUILT - Built 1939 or earlier
HC01_MOE_VC28,Number; Margin of Error; YEAR STRUCTURE BUILT - Built 1939 or earlier
HC02_EST_VC28,Percent; Estimate; YEAR STRUCTURE BUILT - Built 1939 or earlier
HC02_MOE_VC28,Percent; Margin of Error; YEAR STRUCTURE BUILT - Built 1939 or earlier
HC01_EST_VC30,Number; Estimate; ROOMS - Total housing units
HC01_MOE_VC30,Number; Margin of Error; ROOMS - Total housing units
HC02_EST_VC30,Percent; Estimate; ROOMS - Total housing units
HC02_MOE_VC30,Percent; Margin of Error; ROOMS - Total housing units
HC01_EST_VC31,Number; Estimate; ROOMS - 1 room
HC01_MOE_VC31,Number; Margin of Error; ROOMS - 1 room
HC02_EST_VC31,Percent; Estimate; ROOMS - 1 room
HC02_MOE_VC31,Percent; Margin of Error; ROOMS - 1 room
HC01_EST_VC32,Number; Estimate; ROOMS - 2 rooms
HC01_MOE_VC32,Number; Margin of Error; ROOMS - 2 rooms
HC02_EST_VC32,Percent; Estimate; ROOMS - 2 rooms
HC02_MOE_VC32,Percent; Margin of Error; ROOMS - 2 rooms
HC01_EST_VC33,Number; Estimate; ROOMS - 3 rooms
HC01_MOE_VC33,Number; Margin of Error; ROOMS - 3 rooms
HC02_EST_VC33,Percent; Estimate; ROOMS - 3 rooms
HC02_MOE_VC33,Percent; Margin of Error; ROOMS - 3 rooms
HC01_EST_VC34,Number; Estimate; ROOMS - 4 rooms
HC01_MOE_VC34,Number; Margin of Error; ROOMS - 4 rooms
HC02_EST_VC34,Percent; Estimate; ROOMS - 4 rooms
HC02_MOE_VC34,Percent; Margin of Error; ROOMS - 4 rooms
HC01_EST_VC35,Number; Estimate; ROOMS - 5 rooms
HC01_MOE_VC35,Number; Margin of Error; ROOMS - 5 rooms
HC02_EST_VC35,Percent; Estimate; ROOMS - 5 rooms
HC02_MOE_VC35,Percent; Margin of Error; ROOMS - 5 rooms
HC01_EST_VC36,Number; Estimate; ROOMS - 6 rooms
HC01_MOE_VC36,Number; Margin of Error; ROOMS - 6 rooms
HC02_EST_VC36,Percent; Estimate; ROOMS - 6 rooms
HC02_MOE_VC36,Percent; Margin of Error; ROOMS - 6 rooms
HC01_EST_VC37,Number; Estimate; ROOMS - 7 rooms
HC01_MOE_VC37,Number; Margin of Error; ROOMS - 7 rooms
HC02_EST_VC37,Percent; Estimate; ROOMS - 7 rooms
HC02_MOE_VC37,Percent; Margin of Error; ROOMS - 7 rooms
HC01_EST_VC38,Number; Estimate; ROOMS - 8 rooms
HC01_MOE_VC38,Number; Margin of Error; ROOMS - 8 rooms
HC02_EST_VC38,Percent; Estimate; ROOMS - 8 rooms
HC02_MOE_VC38,Percent; Margin of Error; ROOMS - 8 rooms
HC01_EST_VC39,Number; Estimate; ROOMS - 9 rooms or more
HC01_MOE_VC39,Number; Margin of Error; ROOMS - 9 rooms or more
HC02_EST_VC39,Percent; Estimate; ROOMS - 9 rooms or more
HC02_MOE_VC39,Percent; Margin of Error; ROOMS - 9 rooms or more
HC01_EST_VC40,Number; Estimate; ROOMS - Median rooms
HC01_MOE_VC40,Number; Margin of Error; ROOMS - Median rooms
HC02_EST_VC40,Percent; Estimate; ROOMS - Median rooms
HC02_MOE_VC40,Percent; Margin of Error; ROOMS - Median rooms
HC01_EST_VC42,Number; Estimate; BEDROOMS - Total housing units
HC01_MOE_VC42,Number; Margin of Error; BEDROOMS - Total housing units
HC02_EST_VC42,Percent; Estimate; BEDROOMS - Total housing units
HC02_MOE_VC42,Percent; Margin of Error; BEDROOMS - Total housing units
HC01_EST_VC43,Number; Estimate; BEDROOMS - No bedroom
HC01_MOE_VC43,Number; Margin of Error; BEDROOMS - No bedroom
HC02_EST_VC43,Percent; Estimate; BEDROOMS - No bedroom
HC02_MOE_VC43,Percent; Margin of Error; BEDROOMS - No bedroom
HC01_EST_VC44,Number; Estimate; BEDROOMS - 1 bedroom
HC01_MOE_VC44,Number; Margin of Error; BEDROOMS - 1 bedroom
HC02_EST_VC44,Percent; Estimate; BEDROOMS - 1 bedroom
HC02_MOE_VC44,Percent; Margin of Error; BEDROOMS - 1 bedroom
HC01_EST_VC45,Number; Estimate; BEDROOMS - 2 bedrooms
HC01_MOE_VC45,Number; Margin of Error; BEDROOMS - 2 bedrooms
HC02_EST_VC45,Percent; Estimate; BEDROOMS - 2 bedrooms
HC02_MOE_VC45,Percent; Margin of Error; BEDROOMS - 2 bedrooms
HC01_EST_VC46,Number; Estimate; BEDROOMS - 3 bedrooms
HC01_MOE_VC46,Number; Margin of Error; BEDROOMS - 3 bedrooms
HC02_EST_VC46,Percent; Estimate; BEDROOMS - 3 bedrooms
HC02_MOE_VC46,Percent; Margin of Error; BEDROOMS - 3 bedrooms
HC01_EST_VC47,Number; Estimate; BEDROOMS - 4 bedrooms
HC01_MOE_VC47,Number; Margin of Error; BEDROOMS - 4 bedrooms
HC02_EST_VC47,Percent; Estimate; BEDROOMS - 4 bedrooms
HC02_MOE_VC47,Percent; Margin of Error; BEDROOMS - 4 bedrooms
HC01_EST_VC48,Number; Estimate; BEDROOMS - 5 or more bedrooms
HC01_MOE_VC48,Number; Margin of Error; BEDROOMS - 5 or more bedrooms
HC02_EST_VC48,Percent; Estimate; BEDROOMS - 5 or more bedrooms
HC02_MOE_VC48,Percent; Margin of Error; BEDROOMS - 5 or more bedrooms
HC01_EST_VC50,Number; Estimate; HOUSING TENURE - Occupied housing units
HC01_MOE_VC50,Number; Margin of Error; HOUSING TENURE - Occupied housing units
HC02_EST_VC50,Percent; Estimate; HOUSING TENURE - Occupied housing units
HC02_MOE_VC50,Percent; Margin of Error; HOUSING TENURE - Occupied housing units
HC01_EST_VC51,Number; Estimate; HOUSING TENURE - Occupied housing units - Owner-occupied
HC01_MOE_VC51,Number; Margin of Error; HOUSING TENURE - Occupied housing units - Owner-occupied
HC02_EST_VC51,Percent; Estimate; HOUSING TENURE - Occupied housing units - Owner-occupied
HC02_MOE_VC51,Percent; Margin of Error; HOUSING TENURE - Occupied housing units - Owner-occupied
HC01_EST_VC52,Number; Estimate; HOUSING TENURE - Occupied housing units - Renter-occupied
HC01_MOE_VC52,Number; Margin of Error; HOUSING TENURE - Occupied housing units - Renter-occupied
HC02_EST_VC52,Percent; Estimate; HOUSING TENURE - Occupied housing units - Renter-occupied
HC02_MOE_VC52,Percent; Margin of Error; HOUSING TENURE - Occupied housing units - Renter-occupied
HC01_EST_VC53,Number; Estimate; HOUSING TENURE - Occupied housing units - Average household size of owner-occupied unit
HC01_MOE_VC53,Number; Margin of Error; HOUSING TENURE - Occupied housing units - Average household size of owner-occupied unit
HC02_EST_VC53,Percent; Estimate; HOUSING TENURE - Occupied housing units - Average household size of owner-occupied unit
HC02_MOE_VC53,Percent; Margin of Error; HOUSING TENURE - Occupied housing units - Average household size of owner-occupied unit
HC01_EST_VC54,Number; Estimate; HOUSING TENURE - Occupied housing units - Average household size of renter-occupied unit
HC01_MOE_VC54,Number; Margin of Error; HOUSING TENURE - Occupied housing units - Average household size of renter-occupied unit
HC02_EST_VC54,Percent; Estimate; HOUSING TENURE - Occupied housing units - Average household size of renter-occupied unit
HC02_MOE_VC54,Percent; Margin of Error; HOUSING TENURE - Occupied housing units - Average household size of renter-occupied unit
HC01_EST_VC56,Number; Estimate; YEAR HOUSEHOLDER MOVED INTO UNIT - Occupied housing units
HC01_MOE_VC56,Number; Margin of Error; YEAR HOUSEHOLDER MOVED INTO UNIT - Occupied housing units
HC02_EST_VC56,Percent; Estimate; YEAR HOUSEHOLDER MOVED INTO UNIT - Occupied housing units
HC02_MOE_VC56,Percent; Margin of Error; YEAR HOUSEHOLDER MOVED INTO UNIT - Occupied housing units
HC01_EST_VC57,Number; Estimate; YEAR HOUSEHOLDER MOVED INTO UNIT - Occupied housing units - Moved in 2005 or later
HC01_MOE_VC57,Number; Margin of Error; YEAR HOUSEHOLDER MOVED INTO UNIT - Occupied housing units - Moved in 2005 or later
HC02_EST_VC57,Percent; Estimate; YEAR HOUSEHOLDER MOVED INTO UNIT - Occupied housing units - Moved in 2005 or later
HC02_MOE_VC57,Percent; Margin of Error; YEAR HOUSEHOLDER MOVED INTO UNIT - Occupied housing units - Moved in 2005 or later
HC01_EST_VC58,Number; Estimate; YEAR HOUSEHOLDER MOVED INTO UNIT - Occupied housing units - Moved in 2000 to 2004
HC01_MOE_VC58,Number; Margin of Error; YEAR HOUSEHOLDER MOVED INTO UNIT - Occupied housing units - Moved in 2000 to 2004
HC02_EST_VC58,Percent; Estimate; YEAR HOUSEHOLDER MOVED INTO UNIT - Occupied housing units - Moved in 2000 to 2004
HC02_MOE_VC58,Percent; Margin of Error; YEAR HOUSEHOLDER MOVED INTO UNIT - Occupied housing units - Moved in 2000 to 2004
HC01_EST_VC59,Number; Estimate; YEAR HOUSEHOLDER MOVED INTO UNIT - Occupied housing units - Moved in 1990 to 1999
HC01_MOE_VC59,Number; Margin of Error; YEAR HOUSEHOLDER MOVED INTO UNIT - Occupied housing units - Moved in 1990 to 1999
HC02_EST_VC59,Percent; Estimate; YEAR HOUSEHOLDER MOVED INTO UNIT - Occupied housing units - Moved in 1990 to 1999
HC02_MOE_VC59,Percent; Margin of Error; YEAR HOUSEHOLDER MOVED INTO UNIT - Occupied housing units - Moved in 1990 to 1999
HC01_EST_VC60,Number; Estimate; YEAR HOUSEHOLDER MOVED INTO UNIT - Occupied housing units - Moved in 1980 to 1989
HC01_MOE_VC60,Number; Margin of Error; YEAR HOUSEHOLDER MOVED INTO UNIT - Occupied housing units - Moved in 1980 to 1989
HC02_EST_VC60,Percent; Estimate; YEAR HOUSEHOLDER MOVED INTO UNIT - Occupied housing units - Moved in 1980 to 1989
HC02_MOE_VC60,Percent; Margin of Error; YEAR HOUSEHOLDER MOVED INTO UNIT - Occupied housing units - Moved in 1980 to 1989
HC01_EST_VC61,Number; Estimate; YEAR HOUSEHOLDER MOVED INTO UNIT - Occupied housing units - Moved in 1970 to 1979
HC01_MOE_VC61,Number; Margin of Error; YEAR HOUSEHOLDER MOVED INTO UNIT - Occupied housing units - Moved in 1970 to 1979
HC02_EST_VC61,Percent; Estimate; YEAR HOUSEHOLDER MOVED INTO UNIT - Occupied housing units - Moved in 1970 to 1979
HC02_MOE_VC61,Percent; Margin of Error; YEAR HOUSEHOLDER MOVED INTO UNIT - Occupied housing units - Moved in 1970 to 1979
HC01_EST_VC62,Number; Estimate; YEAR HOUSEHOLDER MOVED INTO UNIT - Occupied housing units - Moved in 1969 or earlier
HC01_MOE_VC62,Number; Margin of Error; YEAR HOUSEHOLDER MOVED INTO UNIT - Occupied housing units - Moved in 1969 or earlier
HC02_EST_VC62,Percent; Estimate; YEAR HOUSEHOLDER MOVED INTO UNIT - Occupied housing units - Moved in 1969 or earlier
HC02_MOE_VC62,Percent; Margin of Error; YEAR HOUSEHOLDER MOVED INTO UNIT - Occupied housing units - Moved in 1969 or earlier
HC01_EST_VC64,Number; Estimate; VEHICLES AVAILABLE - Occupied housing units
HC01_MOE_VC64,Number; Margin of Error; VEHICLES AVAILABLE - Occupied housing units
HC02_EST_VC64,Percent; Estimate; VEHICLES AVAILABLE - Occupied housing units
HC02_MOE_VC64,Percent; Margin of Error; VEHICLES AVAILABLE - Occupied housing units
HC01_EST_VC65,Number; Estimate; VEHICLES AVAILABLE - Occupied housing units - No vehicles available
HC01_MOE_VC65,Number; Margin of Error; VEHICLES AVAILABLE - Occupied housing units - No vehicles available
HC02_EST_VC65,Percent; Estimate; VEHICLES AVAILABLE - Occupied housing units - No vehicles available
HC02_MOE_VC65,Percent; Margin of Error; VEHICLES AVAILABLE - Occupied housing units - No vehicles available
HC01_EST_VC66,Number; Estimate; VEHICLES AVAILABLE - Occupied housing units - 1 vehicle available
HC01_MOE_VC66,Number; Margin of Error; VEHICLES AVAILABLE - Occupied housing units - 1 vehicle available
HC02_EST_VC66,Percent; Estimate; VEHICLES AVAILABLE - Occupied housing units - 1 vehicle available
HC02_MOE_VC66,Percent; Margin of Error; VEHICLES AVAILABLE - Occupied housing units - 1 vehicle available
HC01_EST_VC67,Number; Estimate; VEHICLES AVAILABLE - Occupied housing units - 2 vehicles available
HC01_MOE_VC67,Number; Margin of Error; VEHICLES AVAILABLE - Occupied housing units - 2 vehicles available
HC02_EST_VC67,Percent; Estimate; VEHICLES AVAILABLE - Occupied housing units - 2 vehicles available
HC02_MOE_VC67,Percent; Margin of Error; VEHICLES AVAILABLE - Occupied housing units - 2 vehicles available
HC01_EST_VC68,Number; Estimate; VEHICLES AVAILABLE - Occupied housing units - 3 or more vehicles available
HC01_MOE_VC68,Number; Margin of Error; VEHICLES AVAILABLE - Occupied housing units - 3 or more vehicles available
HC02_EST_VC68,Percent; Estimate; VEHICLES AVAILABLE - Occupied housing units - 3 or more vehicles available
HC02_MOE_VC68,Percent; Margin of Error; VEHICLES AVAILABLE - Occupied housing units - 3 or more vehicles available
HC01_EST_VC70,Number; Estimate; HOUSE HEATING FUEL - Occupied housing units
HC01_MOE_VC70,Number; Margin of Error; HOUSE HEATING FUEL - Occupied housing units
HC02_EST_VC70,Percent; Estimate; HOUSE HEATING FUEL - Occupied housing units
HC02_MOE_VC70,Percent; Margin of Error; HOUSE HEATING FUEL - Occupied housing units
HC01_EST_VC71,Number; Estimate; HOUSE HEATING FUEL - Occupied housing units - Utility gas
HC01_MOE_VC71,Number; Margin of Error; HOUSE HEATING FUEL - Occupied housing units - Utility gas
HC02_EST_VC71,Percent; Estimate; HOUSE HEATING FUEL - Occupied housing units - Utility gas
HC02_MOE_VC71,Percent; Margin of Error; HOUSE HEATING FUEL - Occupied housing units - Utility gas
HC01_EST_VC72,"Number; Estimate; HOUSE HEATING FUEL - Occupied housing units - Bottled, tank, or LP gas"
HC01_MOE_VC72,"Number; Margin of Error; HOUSE HEATING FUEL - Occupied housing units - Bottled, tank, or LP gas"
HC02_EST_VC72,"Percent; Estimate; HOUSE HEATING FUEL - Occupied housing units - Bottled, tank, or LP gas"
HC02_MOE_VC72,"Percent; Margin of Error; HOUSE HEATING FUEL - Occupied housing units - Bottled, tank, or LP gas"
HC01_EST_VC73,Number; Estimate; HOUSE HEATING FUEL - Occupied housing units - Electricity
HC01_MOE_VC73,Number; Margin of Error; HOUSE HEATING FUEL - Occupied housing units - Electricity
HC02_EST_VC73,Percent; Estimate; HOUSE HEATING FUEL - Occupied housing units - Electricity
HC02_MOE_VC73,Percent; Margin of Error; HOUSE HEATING FUEL - Occupied housing units - Electricity
HC01_EST_VC74,"Number; Estimate; HOUSE HEATING FUEL - Occupied housing units - Fuel oil, kerosene, etc."
HC01_MOE_VC74,"Number; Margin of Error; HOUSE HEATING FUEL - Occupied housing units - Fuel oil, kerosene, etc."
HC02_EST_VC74,"Percent; Estimate; HOUSE HEATING FUEL - Occupied housing units - Fuel oil, kerosene, etc."
HC02_MOE_VC74,"Percent; Margin of Error; HOUSE HEATING FUEL - Occupied housing units - Fuel oil, kerosene, etc."
HC01_EST_VC75,Number; Estimate; HOUSE HEATING FUEL - Occupied housing units - Coal or coke
HC01_MOE_VC75,Number; Margin of Error; HOUSE HEATING FUEL - Occupied housing units - Coal or coke
HC02_EST_VC75,Percent; Estimate; HOUSE HEATING FUEL - Occupied housing units - Coal or coke
HC02_MOE_VC75,Percent; Margin of Error; HOUSE HEATING FUEL - Occupied housing units - Coal or coke
HC01_EST_VC76,Number; Estimate; HOUSE HEATING FUEL - Occupied housing units - Wood
HC01_MOE_VC76,Number; Margin of Error; HOUSE HEATING FUEL - Occupied housing units - Wood
HC02_EST_VC76,Percent; Estimate; HOUSE HEATING FUEL - Occupied housing units - Wood
HC02_MOE_VC76,Percent; Margin of Error; HOUSE HEATING FUEL - Occupied housing units - Wood
HC01_EST_VC77,Number; Estimate; HOUSE HEATING FUEL - Occupied housing units - Solar energy
HC01_MOE_VC77,Number; Margin of Error; HOUSE HEATING FUEL - Occupied housing units - Solar energy
HC02_EST_VC77,Percent; Estimate; HOUSE HEATING FUEL - Occupied housing units - Solar energy
HC02_MOE_VC77,Percent; Margin of Error; HOUSE HEATING FUEL - Occupied housing units - Solar energy
HC01_EST_VC78,Number; Estimate; HOUSE HEATING FUEL - Occupied housing units - Other fuel
HC01_MOE_VC78,Number; Margin of Error; HOUSE HEATING FUEL - Occupied housing units - Other fuel
HC02_EST_VC78,Percent; Estimate; HOUSE HEATING FUEL - Occupied housing units - Other fuel
HC02_MOE_VC78,Percent; Margin of Error; HOUSE HEATING FUEL - Occupied housing units - Other fuel
HC01_EST_VC79,Number; Estimate; HOUSE HEATING FUEL - Occupied housing units - No fuel used
HC01_MOE_VC79,Number; Margin of Error; HOUSE HEATING FUEL - Occupied housing units - No fuel used
HC02_EST_VC79,Percent; Estimate; HOUSE HEATING FUEL - Occupied housing units - No fuel used
HC02_MOE_VC79,Percent; Margin of Error; HOUSE HEATING FUEL - Occupied housing units - No fuel used
HC01_EST_VC81,Number; Estimate; SELECTED CHARACTERISTICS - Occupied housing units
HC01_MOE_VC81,Number; Margin of Error; SELECTED CHARACTERISTICS - Occupied housing units
HC02_EST_VC81,Percent; Estimate; SELECTED CHARACTERISTICS - Occupied housing units
HC02_MOE_VC81,Percent; Margin of Error; SELECTED CHARACTERISTICS - Occupied housing units
HC01_EST_VC82,Number; Estimate; SELECTED CHARACTERISTICS - Occupied housing units - Lacking complete plumbing facilities
HC01_MOE_VC82,Number; Margin of Error; SELECTED CHARACTERISTICS - Occupied housing units - Lacking complete plumbing facilities
HC02_EST_VC82,Percent; Estimate; SELECTED CHARACTERISTICS - Occupied housing units - Lacking complete plumbing facilities
HC02_MOE_VC82,Percent; Margin of Error; SELECTED CHARACTERISTICS - Occupied housing units - Lacking complete plumbing facilities
HC01_EST_VC83,Number; Estimate; SELECTED CHARACTERISTICS - Occupied housing units - Lacking complete kitchen facilities
HC01_MOE_VC83,Number; Margin of Error; SELECTED CHARACTERISTICS - Occupied housing units - Lacking complete kitchen facilities
HC02_EST_VC83,Percent; Estimate; SELECTED CHARACTERISTICS - Occupied housing units - Lacking complete kitchen facilities
HC02_MOE_VC83,Percent; Margin of Error; SELECTED CHARACTERISTICS - Occupied housing units - Lacking complete kitchen facilities
HC01_EST_VC84,Number; Estimate; SELECTED CHARACTERISTICS - Occupied housing units - No telephone service available
HC01_MOE_VC84,Number; Margin of Error; SELECTED CHARACTERISTICS - Occupied housing units - No telephone service available
HC02_EST_VC84,Percent; Estimate; SELECTED CHARACTERISTICS - Occupied housing units - No telephone service available
HC02_MOE_VC84,Percent; Margin of Error; SELECTED CHARACTERISTICS - Occupied housing units - No telephone service available
HC01_EST_VC86,Number; Estimate; OCCUPANTS PER ROOM - Occupied housing units
HC01_MOE_VC86,Number; Margin of Error; OCCUPANTS PER ROOM - Occupied housing units
HC02_EST_VC86,Percent; Estimate; OCCUPANTS PER ROOM - Occupied housing units
HC02_MOE_VC86,Percent; Margin of Error; OCCUPANTS PER ROOM - Occupied housing units
HC01_EST_VC87,Number; Estimate; OCCUPANTS PER ROOM - Occupied housing units - 1.00 or less
HC01_MOE_VC87,Number; Margin of Error; OCCUPANTS PER ROOM - Occupied housing units - 1.00 or less
HC02_EST_VC87,Percent; Estimate; OCCUPANTS PER ROOM - Occupied housing units - 1.00 or less
HC02_MOE_VC87,Percent; Margin of Error; OCCUPANTS PER ROOM - Occupied housing units - 1.00 or less
HC01_EST_VC88,Number; Estimate; OCCUPANTS PER ROOM - Occupied housing units - 1.01 to 1.50
HC01_MOE_VC88,Number; Margin of Error; OCCUPANTS PER ROOM - Occupied housing units - 1.01 to 1.50
HC02_EST_VC88,Percent; Estimate; OCCUPANTS PER ROOM - Occupied housing units - 1.01 to 1.50
HC02_MOE_VC88,Percent; Margin of Error; OCCUPANTS PER ROOM - Occupied housing units - 1.01 to 1.50
HC01_EST_VC89,Number; Estimate; OCCUPANTS PER ROOM - Occupied housing units - 1.51 or more
HC01_MOE_VC89,Number; Margin of Error; OCCUPANTS PER ROOM - Occupied housing units - 1.51 or more
HC02_EST_VC89,Percent; Estimate; OCCUPANTS PER ROOM - Occupied housing units - 1.51 or more
HC02_MOE_VC89,Percent; Margin of Error; OCCUPANTS PER ROOM - Occupied housing units - 1.51 or more
HC01_EST_VC91,Number; Estimate; VALUE - Owner-occupied units
HC01_MOE_VC91,Number; Margin of Error; VALUE - Owner-occupied units
HC02_EST_VC91,Percent; Estimate; VALUE - Owner-occupied units
HC02_MOE_VC91,Percent; Margin of Error; VALUE - Owner-occupied units
HC01_EST_VC92,"Number; Estimate; VALUE - Owner-occupied units - Less than $50,000"
HC01_MOE_VC92,"Number; Margin of Error; VALUE - Owner-occupied units - Less than $50,000"
HC02_EST_VC92,"Percent; Estimate; VALUE - Owner-occupied units - Less than $50,000"
HC02_MOE_VC92,"Percent; Margin of Error; VALUE - Owner-occupied units - Less than $50,000"
HC01_EST_VC93,"Number; Estimate; VALUE - Owner-occupied units - $50,000 to $99,999"
HC01_MOE_VC93,"Number; Margin of Error; VALUE - Owner-occupied units - $50,000 to $99,999"
HC02_EST_VC93,"Percent; Estimate; VALUE - Owner-occupied units - $50,000 to $99,999"
HC02_MOE_VC93,"Percent; Margin of Error; VALUE - Owner-occupied units - $50,000 to $99,999"
HC01_EST_VC94,"Number; Estimate; VALUE - Owner-occupied units - $100,000 to $149,999"
HC01_MOE_VC94,"Number; Margin of Error; VALUE - Owner-occupied units - $100,000 to $149,999"
HC02_EST_VC94,"Percent; Estimate; VALUE - Owner-occupied units - $100,000 to $149,999"
HC02_MOE_VC94,"Percent; Margin of Error; VALUE - Owner-occupied units - $100,000 to $149,999"
HC01_EST_VC95,"Number; Estimate; VALUE - Owner-occupied units - $150,000 to $199,999"
HC01_MOE_VC95,"Number; Margin of Error; VALUE - Owner-occupied units - $150,000 to $199,999"
HC02_EST_VC95,"Percent; Estimate; VALUE - Owner-occupied units - $150,000 to $199,999"
HC02_MOE_VC95,"Percent; Margin of Error; VALUE - Owner-occupied units - $150,000 to $199,999"
HC01_EST_VC96,"Number; Estimate; VALUE - Owner-occupied units - $200,000 to $299,999"
HC01_MOE_VC96,"Number; Margin of Error; VALUE - Owner-occupied units - $200,000 to $299,999"
HC02_EST_VC96,"Percent; Estimate; VALUE - Owner-occupied units - $200,000 to $299,999"
HC02_MOE_VC96,"Percent; Margin of Error; VALUE - Owner-occupied units - $200,000 to $299,999"
HC01_EST_VC97,"Number; Estimate; VALUE - Owner-occupied units - $300,000 to $499,999"
HC01_MOE_VC97,"Number; Margin of Error; VALUE - Owner-occupied units - $300,000 to $499,999"
HC02_EST_VC97,"Percent; Estimate; VALUE - Owner-occupied units - $300,000 to $499,999"
HC02_MOE_VC97,"Percent; Margin of Error; VALUE - Owner-occupied units - $300,000 to $499,999"
HC01_EST_VC98,"Number; Estimate; VALUE - Owner-occupied units - $500,000 to $999,999"
HC01_MOE_VC98,"Number; Margin of Error; VALUE - Owner-occupied units - $500,000 to $999,999"
HC02_EST_VC98,"Percent; Estimate; VALUE - Owner-occupied units - $500,000 to $999,999"
HC02_MOE_VC98,"Percent; Margin of Error; VALUE - Owner-occupied units - $500,000 to $999,999"
HC01_EST_VC99,"Number; Estimate; VALUE - Owner-occupied units - $1,000,000 or more"
HC01_MOE_VC99,"Number; Margin of Error; VALUE - Owner-occupied units - $1,000,000 or more"
HC02_EST_VC99,"Percent; Estimate; VALUE - Owner-occupied units - $1,000,000 or more"
HC02_MOE_VC99,"Percent; Margin of Error; VALUE - Owner-occupied units - $1,000,000 or more"
HC01_EST_VC100,Number; Estimate; VALUE - Owner-occupied units - Median (dollars)
HC01_MOE_VC100,Number; Margin of Error; VALUE - Owner-occupied units - Median (dollars)
HC02_EST_VC100,Percent; Estimate; VALUE - Owner-occupied units - Median (dollars)
HC02_MOE_VC100,Percent; Margin of Error; VALUE - Owner-occupied units - Median (dollars)
HC01_EST_VC102,Number; Estimate; MORTGAGE STATUS - Owner-occupied units
HC01_MOE_VC102,Number; Margin of Error; MORTGAGE STATUS - Owner-occupied units
HC02_EST_VC102,Percent; Estimate; MORTGAGE STATUS - Owner-occupied units
HC02_MOE_VC102,Percent; Margin of Error; MORTGAGE STATUS - Owner-occupied units
HC01_EST_VC103,Number; Estimate; MORTGAGE STATUS - Owner-occupied units - Housing units with a mortgage
HC01_MOE_VC103,Number; Margin of Error; MORTGAGE STATUS - Owner-occupied units - Housing units with a mortgage
HC02_EST_VC103,Percent; Estimate; MORTGAGE STATUS - Owner-occupied units - Housing units with a mortgage
HC02_MOE_VC103,Percent; Margin of Error; MORTGAGE STATUS - Owner-occupied units - Housing units with a mortgage
HC01_EST_VC104,Number; Estimate; MORTGAGE STATUS - Owner-occupied units - Housing units without a mortgage
HC01_MOE_VC104,Number; Margin of Error; MORTGAGE STATUS - Owner-occupied units - Housing units without a mortgage
HC02_EST_VC104,Percent; Estimate; MORTGAGE STATUS - Owner-occupied units - Housing units without a mortgage
HC02_MOE_VC104,Percent; Margin of Error; MORTGAGE STATUS - Owner-occupied units - Housing units without a mortgage
HC01_EST_VC106,Number; Estimate; SELECTED MONTHLY OWNER COSTS (SMOC) - Housing units with a mortgage
HC01_MOE_VC106,Number; Margin of Error; SELECTED MONTHLY OWNER COSTS (SMOC) - Housing units with a mortgage
HC02_EST_VC106,Percent; Estimate; SELECTED MONTHLY OWNER COSTS (SMOC) - Housing units with a mortgage
HC02_MOE_VC106,Percent; Margin of Error; SELECTED MONTHLY OWNER COSTS (SMOC) - Housing units with a mortgage
HC01_EST_VC107,Number; Estimate; SELECTED MONTHLY OWNER COSTS (SMOC) - Housing units with a mortgage - Less than $300
HC01_MOE_VC107,Number; Margin of Error; SELECTED MONTHLY OWNER COSTS (SMOC) - Housing units with a mortgage - Less than $300
HC02_EST_VC107,Percent; Estimate; SELECTED MONTHLY OWNER COSTS (SMOC) - Housing units with a mortgage - Less than $300
HC02_MOE_VC107,Percent; Margin of Error; SELECTED MONTHLY OWNER COSTS (SMOC) - Housing units with a mortgage - Less than $300
HC01_EST_VC108,Number; Estimate; SELECTED MONTHLY OWNER COSTS (SMOC) - Housing units with a mortgage - $300 to $499
HC01_MOE_VC108,Number; Margin of Error; SELECTED MONTHLY OWNER COSTS (SMOC) - Housing units with a mortgage - $300 to $499
HC02_EST_VC108,Percent; Estimate; SELECTED MONTHLY OWNER COSTS (SMOC) - Housing units with a mortgage - $300 to $499
HC02_MOE_VC108,Percent; Margin of Error; SELECTED MONTHLY OWNER COSTS (SMOC) - Housing units with a mortgage - $300 to $499
HC01_EST_VC109,Number; Estimate; SELECTED MONTHLY OWNER COSTS (SMOC) - Housing units with a mortgage - $500 to $699
HC01_MOE_VC109,Number; Margin of Error; SELECTED MONTHLY OWNER COSTS (SMOC) - Housing units with a mortgage - $500 to $699
HC02_EST_VC109,Percent; Estimate; SELECTED MONTHLY OWNER COSTS (SMOC) - Housing units with a mortgage - $500 to $699
HC02_MOE_VC109,Percent; Margin of Error; SELECTED MONTHLY OWNER COSTS (SMOC) - Housing units with a mortgage - $500 to $699
HC01_EST_VC110,Number; Estimate; SELECTED MONTHLY OWNER COSTS (SMOC) - Housing units with a mortgage - $700 to $999
HC01_MOE_VC110,Number; Margin of Error; SELECTED MONTHLY OWNER COSTS (SMOC) - Housing units with a mortgage - $700 to $999
HC02_EST_VC110,Percent; Estimate; SELECTED MONTHLY OWNER COSTS (SMOC) - Housing units with a mortgage - $700 to $999
HC02_MOE_VC110,Percent; Margin of Error; SELECTED MONTHLY OWNER COSTS (SMOC) - Housing units with a mortgage - $700 to $999
HC01_EST_VC111,"Number; Estimate; SELECTED MONTHLY OWNER COSTS (SMOC) - Housing units with a mortgage - $1,000 to $1,499"
HC01_MOE_VC111,"Number; Margin of Error; SELECTED MONTHLY OWNER COSTS (SMOC) - Housing units with a mortgage - $1,000 to $1,499"
HC02_EST_VC111,"Percent; Estimate; SELECTED MONTHLY OWNER COSTS (SMOC) - Housing units with a mortgage - $1,000 to $1,499"
HC02_MOE_VC111,"Percent; Margin of Error; SELECTED MONTHLY OWNER COSTS (SMOC) - Housing units with a mortgage - $1,000 to $1,499"
HC01_EST_VC112,"Number; Estimate; SELECTED MONTHLY OWNER COSTS (SMOC) - Housing units with a mortgage - $1,500 to $1,999"
HC01_MOE_VC112,"Number; Margin of Error; SELECTED MONTHLY OWNER COSTS (SMOC) - Housing units with a mortgage - $1,500 to $1,999"
HC02_EST_VC112,"Percent; Estimate; SELECTED MONTHLY OWNER COSTS (SMOC) - Housing units with a mortgage - $1,500 to $1,999"
HC02_MOE_VC112,"Percent; Margin of Error; SELECTED MONTHLY OWNER COSTS (SMOC) - Housing units with a mortgage - $1,500 to $1,999"
HC01_EST_VC113,"Number; Estimate; SELECTED MONTHLY OWNER COSTS (SMOC) - Housing units with a mortgage - $2,000 or more"
HC01_MOE_VC113,"Number; Margin of Error; SELECTED MONTHLY OWNER COSTS (SMOC) - Housing units with a mortgage - $2,000 or more"
HC02_EST_VC113,"Percent; Estimate; SELECTED MONTHLY OWNER COSTS (SMOC) - Housing units with a mortgage - $2,000 or more"
HC02_MOE_VC113,"Percent; Margin of Error; SELECTED MONTHLY OWNER COSTS (SMOC) - Housing units with a mortgage - $2,000 or more"
HC01_EST_VC114,Number; Estimate; SELECTED MONTHLY OWNER COSTS (SMOC) - Housing units with a mortgage - Median (dollars)
HC01_MOE_VC114,Number; Margin of Error; SELECTED MONTHLY OWNER COSTS (SMOC) - Housing units with a mortgage - Median (dollars)
HC02_EST_VC114,Percent; Estimate; SELECTED MONTHLY OWNER COSTS (SMOC) - Housing units with a mortgage - Median (dollars)
HC02_MOE_VC114,Percent; Margin of Error; SELECTED MONTHLY OWNER COSTS (SMOC) - Housing units with a mortgage - Median (dollars)
HC01_EST_VC115,Number; Estimate; SELECTED MONTHLY OWNER COSTS (SMOC) - Housing units without a mortgage
HC01_MOE_VC115,Number; Margin of Error; SELECTED MONTHLY OWNER COSTS (SMOC) - Housing units without a mortgage
HC02_EST_VC115,Percent; Estimate; SELECTED MONTHLY OWNER COSTS (SMOC) - Housing units without a mortgage
HC02_MOE_VC115,Percent; Margin of Error; SELECTED MONTHLY OWNER COSTS (SMOC) - Housing units without a mortgage
HC01_EST_VC116,Number; Estimate; SELECTED MONTHLY OWNER COSTS (SMOC) - Housing units without a mortgage - Less than $100
HC01_MOE_VC116,Number; Margin of Error; SELECTED MONTHLY OWNER COSTS (SMOC) - Housing units without a mortgage - Less than $100
HC02_EST_VC116,Percent; Estimate; SELECTED MONTHLY OWNER COSTS (SMOC) - Housing units without a mortgage - Less than $100
HC02_MOE_VC116,Percent; Margin of Error; SELECTED MONTHLY OWNER COSTS (SMOC) - Housing units without a mortgage - Less than $100
HC01_EST_VC117,Number; Estimate; SELECTED MONTHLY OWNER COSTS (SMOC) - Housing units without a mortgage - $100 to $199
HC01_MOE_VC117,Number; Margin of Error; SELECTED MONTHLY OWNER COSTS (SMOC) - Housing units without a mortgage - $100 to $199
HC02_EST_VC117,Percent; Estimate; SELECTED MONTHLY OWNER COSTS (SMOC) - Housing units without a mortgage - $100 to $199
HC02_MOE_VC117,Percent; Margin of Error; SELECTED MONTHLY OWNER COSTS (SMOC) - Housing units without a mortgage - $100 to $199
HC01_EST_VC118,Number; Estimate; SELECTED MONTHLY OWNER COSTS (SMOC) - Housing units without a mortgage - $200 to $299
HC01_MOE_VC118,Number; Margin of Error; SELECTED MONTHLY OWNER COSTS (SMOC) - Housing units without a mortgage - $200 to $299
HC02_EST_VC118,Percent; Estimate; SELECTED MONTHLY OWNER COSTS (SMOC) - Housing units without a mortgage - $200 to $299
HC02_MOE_VC118,Percent; Margin of Error; SELECTED MONTHLY OWNER COSTS (SMOC) - Housing units without a mortgage - $200 to $299
HC01_EST_VC119,Number; Estimate; SELECTED MONTHLY OWNER COSTS (SMOC) - Housing units without a mortgage - $300 to $399
HC01_MOE_VC119,Number; Margin of Error; SELECTED MONTHLY OWNER COSTS (SMOC) - Housing units without a mortgage - $300 to $399
HC02_EST_VC119,Percent; Estimate; SELECTED MONTHLY OWNER COSTS (SMOC) - Housing units without a mortgage - $300 to $399
HC02_MOE_VC119,Percent; Margin of Error; SELECTED MONTHLY OWNER COSTS (SMOC) - Housing units without a mortgage - $300 to $399
HC01_EST_VC120,Number; Estimate; SELECTED MONTHLY OWNER COSTS (SMOC) - Housing units without a mortgage - $400 or more
HC01_MOE_VC120,Number; Margin of Error; SELECTED MONTHLY OWNER COSTS (SMOC) - Housing units without a mortgage - $400 or more
HC02_EST_VC120,Percent; Estimate; SELECTED MONTHLY OWNER COSTS (SMOC) - Housing units without a mortgage - $400 or more
HC02_MOE_VC120,Percent; Margin of Error; SELECTED MONTHLY OWNER COSTS (SMOC) - Housing units without a mortgage - $400 or more
HC01_EST_VC121,Number; Estimate; SELECTED MONTHLY OWNER COSTS (SMOC) - Housing units without a mortgage - Median (dollars)
HC01_MOE_VC121,Number; Margin of Error; SELECTED MONTHLY OWNER COSTS (SMOC) - Housing units without a mortgage - Median (dollars)
HC02_EST_VC121,Percent; Estimate; SELECTED MONTHLY OWNER COSTS (SMOC) - Housing units without a mortgage - Median (dollars)
HC02_MOE_VC121,Percent; Margin of Error; SELECTED MONTHLY OWNER COSTS (SMOC) - Housing units without a mortgage - Median (dollars)
HC01_EST_VC123,Number; Estimate; SELECTED MONTHLY OWNER COSTS AS A PERCENTAGE OF HOUSEHOLD INCOME (SMOCAPI) - Housing units with a mortgage (excluding units where SMOCAPI cannot be computed)
HC01_MOE_VC123,Number; Margin of Error; SELECTED MONTHLY OWNER COSTS AS A PERCENTAGE OF HOUSEHOLD INCOME (SMOCAPI) - Housing units with a mortgage (excluding units where SMOCAPI cannot be computed)
HC02_EST_VC123,Percent; Estimate; SELECTED MONTHLY OWNER COSTS AS A PERCENTAGE OF HOUSEHOLD INCOME (SMOCAPI) - Housing units with a mortgage (excluding units where SMOCAPI cannot be computed)
HC02_MOE_VC123,Percent; Margin of Error; SELECTED MONTHLY OWNER COSTS AS A PERCENTAGE OF HOUSEHOLD INCOME (SMOCAPI) - Housing units with a mortgage (excluding units where SMOCAPI cannot be computed)
HC01_EST_VC124,Number; Estimate; SELECTED MONTHLY OWNER COSTS AS A PERCENTAGE OF HOUSEHOLD INCOME (SMOCAPI) - Housing units with a mortgage (excluding units where SMOCAPI cannot be computed) - Less than 20.0 percent
HC01_MOE_VC124,Number; Margin of Error; SELECTED MONTHLY OWNER COSTS AS A PERCENTAGE OF HOUSEHOLD INCOME (SMOCAPI) - Housing units with a mortgage (excluding units where SMOCAPI cannot be computed) - Less than 20.0 percent
HC02_EST_VC124,Percent; Estimate; SELECTED MONTHLY OWNER COSTS AS A PERCENTAGE OF HOUSEHOLD INCOME (SMOCAPI) - Housing units with a mortgage (excluding units where SMOCAPI cannot be computed) - Less than 20.0 percent
HC02_MOE_VC124,Percent; Margin of Error; SELECTED MONTHLY OWNER COSTS AS A PERCENTAGE OF HOUSEHOLD INCOME (SMOCAPI) - Housing units with a mortgage (excluding units where SMOCAPI cannot be computed) - Less than 20.0 percent
HC01_EST_VC125,Number; Estimate; SELECTED MONTHLY OWNER COSTS AS A PERCENTAGE OF HOUSEHOLD INCOME (SMOCAPI) - Housing units with a mortgage (excluding units where SMOCAPI cannot be computed) - 20.0 to 24.9 percent
HC01_MOE_VC125,Number; Margin of Error; SELECTED MONTHLY OWNER COSTS AS A PERCENTAGE OF HOUSEHOLD INCOME (SMOCAPI) - Housing units with a mortgage (excluding units where SMOCAPI cannot be computed) - 20.0 to 24.9 percent
HC02_EST_VC125,Percent; Estimate; SELECTED MONTHLY OWNER COSTS AS A PERCENTAGE OF HOUSEHOLD INCOME (SMOCAPI) - Housing units with a mortgage (excluding units where SMOCAPI cannot be computed) - 20.0 to 24.9 percent
HC02_MOE_VC125,Percent; Margin of Error; SELECTED MONTHLY OWNER COSTS AS A PERCENTAGE OF HOUSEHOLD INCOME (SMOCAPI) - Housing units with a mortgage (excluding units where SMOCAPI cannot be computed) - 20.0 to 24.9 percent
HC01_EST_VC126,Number; Estimate; SELECTED MONTHLY OWNER COSTS AS A PERCENTAGE OF HOUSEHOLD INCOME (SMOCAPI) - Housing units with a mortgage (excluding units where SMOCAPI cannot be computed) - 25.0 to 29.9 percent
HC01_MOE_VC126,Number; Margin of Error; SELECTED MONTHLY OWNER COSTS AS A PERCENTAGE OF HOUSEHOLD INCOME (SMOCAPI) - Housing units with a mortgage (excluding units where SMOCAPI cannot be computed) - 25.0 to 29.9 percent
HC02_EST_VC126,Percent; Estimate; SELECTED MONTHLY OWNER COSTS AS A PERCENTAGE OF HOUSEHOLD INCOME (SMOCAPI) - Housing units with a mortgage (excluding units where SMOCAPI cannot be computed) - 25.0 to 29.9 percent
HC02_MOE_VC126,Percent; Margin of Error; SELECTED MONTHLY OWNER COSTS AS A PERCENTAGE OF HOUSEHOLD INCOME (SMOCAPI) - Housing units with a mortgage (excluding units where SMOCAPI cannot be computed) - 25.0 to 29.9 percent
HC01_EST_VC127,Number; Estimate; SELECTED MONTHLY OWNER COSTS AS A PERCENTAGE OF HOUSEHOLD INCOME (SMOCAPI) - Housing units with a mortgage (excluding units where SMOCAPI cannot be computed) - 30.0 to 34.9 percent
HC01_MOE_VC127,Number; Margin of Error; SELECTED MONTHLY OWNER COSTS AS A PERCENTAGE OF HOUSEHOLD INCOME (SMOCAPI) - Housing units with a mortgage (excluding units where SMOCAPI cannot be computed) - 30.0 to 34.9 percent
HC02_EST_VC127,Percent; Estimate; SELECTED MONTHLY OWNER COSTS AS A PERCENTAGE OF HOUSEHOLD INCOME (SMOCAPI) - Housing units with a mortgage (excluding units where SMOCAPI cannot be computed) - 30.0 to 34.9 percent
HC02_MOE_VC127,Percent; Margin of Error; SELECTED MONTHLY OWNER COSTS AS A PERCENTAGE OF HOUSEHOLD INCOME (SMOCAPI) - Housing units with a mortgage (excluding units where SMOCAPI cannot be computed) - 30.0 to 34.9 percent
HC01_EST_VC128,Number; Estimate; SELECTED MONTHLY OWNER COSTS AS A PERCENTAGE OF HOUSEHOLD INCOME (SMOCAPI) - Housing units with a mortgage (excluding units where SMOCAPI cannot be computed) - 35.0 percent or more
HC01_MOE_VC128,Number; Margin of Error; SELECTED MONTHLY OWNER COSTS AS A PERCENTAGE OF HOUSEHOLD INCOME (SMOCAPI) - Housing units with a mortgage (excluding units where SMOCAPI cannot be computed) - 35.0 percent or more
HC02_EST_VC128,Percent; Estimate; SELECTED MONTHLY OWNER COSTS AS A PERCENTAGE OF HOUSEHOLD INCOME (SMOCAPI) - Housing units with a mortgage (excluding units where SMOCAPI cannot be computed) - 35.0 percent or more
HC02_MOE_VC128,Percent; Margin of Error; SELECTED MONTHLY OWNER COSTS AS A PERCENTAGE OF HOUSEHOLD INCOME (SMOCAPI) - Housing units with a mortgage (excluding units where SMOCAPI cannot be computed) - 35.0 percent or more
HC01_EST_VC129,Number; Estimate; SELECTED MONTHLY OWNER COSTS AS A PERCENTAGE OF HOUSEHOLD INCOME (SMOCAPI) - Housing units with a mortgage (excluding units where SMOCAPI cannot be computed) - Not computed
HC01_MOE_VC129,Number; Margin of Error; SELECTED MONTHLY OWNER COSTS AS A PERCENTAGE OF HOUSEHOLD INCOME (SMOCAPI) - Housing units with a mortgage (excluding units where SMOCAPI cannot be computed) - Not computed
HC02_EST_VC129,Percent; Estimate; SELECTED MONTHLY OWNER COSTS AS A PERCENTAGE OF HOUSEHOLD INCOME (SMOCAPI) - Housing units with a mortgage (excluding units where SMOCAPI cannot be computed) - Not computed
HC02_MOE_VC129,Percent; Margin of Error; SELECTED MONTHLY OWNER COSTS AS A PERCENTAGE OF HOUSEHOLD INCOME (SMOCAPI) - Housing units with a mortgage (excluding units where SMOCAPI cannot be computed) - Not computed
HC01_EST_VC130,Number; Estimate; SELECTED MONTHLY OWNER COSTS AS A PERCENTAGE OF HOUSEHOLD INCOME (SMOCAPI) - Housing unit without a mortgage (excluding units where SMOCAPI cannot be computed)
HC01_MOE_VC130,Number; Margin of Error; SELECTED MONTHLY OWNER COSTS AS A PERCENTAGE OF HOUSEHOLD INCOME (SMOCAPI) - Housing unit without a mortgage (excluding units where SMOCAPI cannot be computed)
HC02_EST_VC130,Percent; Estimate; SELECTED MONTHLY OWNER COSTS AS A PERCENTAGE OF HOUSEHOLD INCOME (SMOCAPI) - Housing unit without a mortgage (excluding units where SMOCAPI cannot be computed)
HC02_MOE_VC130,Percent; Margin of Error; SELECTED MONTHLY OWNER COSTS AS A PERCENTAGE OF HOUSEHOLD INCOME (SMOCAPI) - Housing unit without a mortgage (excluding units where SMOCAPI cannot be computed)
HC01_EST_VC131,Number; Estimate; SELECTED MONTHLY OWNER COSTS AS A PERCENTAGE OF HOUSEHOLD INCOME (SMOCAPI) - Housing unit without a mortgage (excluding units where SMOCAPI cannot be computed) - Less than 10.0 percent
HC01_MOE_VC131,Number; Margin of Error; SELECTED MONTHLY OWNER COSTS AS A PERCENTAGE OF HOUSEHOLD INCOME (SMOCAPI) - Housing unit without a mortgage (excluding units where SMOCAPI cannot be computed) - Less than 10.0 percent
HC02_EST_VC131,Percent; Estimate; SELECTED MONTHLY OWNER COSTS AS A PERCENTAGE OF HOUSEHOLD INCOME (SMOCAPI) - Housing unit without a mortgage (excluding units where SMOCAPI cannot be computed) - Less than 10.0 percent
HC02_MOE_VC131,Percent; Margin of Error; SELECTED MONTHLY OWNER COSTS AS A PERCENTAGE OF HOUSEHOLD INCOME (SMOCAPI) - Housing unit without a mortgage (excluding units where SMOCAPI cannot be computed) - Less than 10.0 percent
HC01_EST_VC132,Number; Estimate; SELECTED MONTHLY OWNER COSTS AS A PERCENTAGE OF HOUSEHOLD INCOME (SMOCAPI) - Housing unit without a mortgage (excluding units where SMOCAPI cannot be computed) - 10.0 to 14.9 percent
HC01_MOE_VC132,Number; Margin of Error; SELECTED MONTHLY OWNER COSTS AS A PERCENTAGE OF HOUSEHOLD INCOME (SMOCAPI) - Housing unit without a mortgage (excluding units where SMOCAPI cannot be computed) - 10.0 to 14.9 percent
HC02_EST_VC132,Percent; Estimate; SELECTED MONTHLY OWNER COSTS AS A PERCENTAGE OF HOUSEHOLD INCOME (SMOCAPI) - Housing unit without a mortgage (excluding units where SMOCAPI cannot be computed) - 10.0 to 14.9 percent
HC02_MOE_VC132,Percent; Margin of Error; SELECTED MONTHLY OWNER COSTS AS A PERCENTAGE OF HOUSEHOLD INCOME (SMOCAPI) - Housing unit without a mortgage (excluding units where SMOCAPI cannot be computed) - 10.0 to 14.9 percent
HC01_EST_VC133,Number; Estimate; SELECTED MONTHLY OWNER COSTS AS A PERCENTAGE OF HOUSEHOLD INCOME (SMOCAPI) - Housing unit without a mortgage (excluding units where SMOCAPI cannot be computed) - 15.0 to 19.9 percent
HC01_MOE_VC133,Number; Margin of Error; SELECTED MONTHLY OWNER COSTS AS A PERCENTAGE OF HOUSEHOLD INCOME (SMOCAPI) - Housing unit without a mortgage (excluding units where SMOCAPI cannot be computed) - 15.0 to 19.9 percent
HC02_EST_VC133,Percent; Estimate; SELECTED MONTHLY OWNER COSTS AS A PERCENTAGE OF HOUSEHOLD INCOME (SMOCAPI) - Housing unit without a mortgage (excluding units where SMOCAPI cannot be computed) - 15.0 to 19.9 percent
HC02_MOE_VC133,Percent; Margin of Error; SELECTED MONTHLY OWNER COSTS AS A PERCENTAGE OF HOUSEHOLD INCOME (SMOCAPI) - Housing unit without a mortgage (excluding units where SMOCAPI cannot be computed) - 15.0 to 19.9 percent
HC01_EST_VC134,Number; Estimate; SELECTED MONTHLY OWNER COSTS AS A PERCENTAGE OF HOUSEHOLD INCOME (SMOCAPI) - Housing unit without a mortgage (excluding units where SMOCAPI cannot be computed) - 20.0 to 24.9 percent
HC01_MOE_VC134,Number; Margin of Error; SELECTED MONTHLY OWNER COSTS AS A PERCENTAGE OF HOUSEHOLD INCOME (SMOCAPI) - Housing unit without a mortgage (excluding units where SMOCAPI cannot be computed) - 20.0 to 24.9 percent
HC02_EST_VC134,Percent; Estimate; SELECTED MONTHLY OWNER COSTS AS A PERCENTAGE OF HOUSEHOLD INCOME (SMOCAPI) - Housing unit without a mortgage (excluding units where SMOCAPI cannot be computed) - 20.0 to 24.9 percent
HC02_MOE_VC134,Percent; Margin of Error; SELECTED MONTHLY OWNER COSTS AS A PERCENTAGE OF HOUSEHOLD INCOME (SMOCAPI) - Housing unit without a mortgage (excluding units where SMOCAPI cannot be computed) - 20.0 to 24.9 percent
HC01_EST_VC135,Number; Estimate; SELECTED MONTHLY OWNER COSTS AS A PERCENTAGE OF HOUSEHOLD INCOME (SMOCAPI) - Housing unit without a mortgage (excluding units where SMOCAPI cannot be computed) - 25.0 to 29.9 percent
HC01_MOE_VC135,Number; Margin of Error; SELECTED MONTHLY OWNER COSTS AS A PERCENTAGE OF HOUSEHOLD INCOME (SMOCAPI) - Housing unit without a mortgage (excluding units where SMOCAPI cannot be computed) - 25.0 to 29.9 percent
HC02_EST_VC135,Percent; Estimate; SELECTED MONTHLY OWNER COSTS AS A PERCENTAGE OF HOUSEHOLD INCOME (SMOCAPI) - Housing unit without a mortgage (excluding units where SMOCAPI cannot be computed) - 25.0 to 29.9 percent
HC02_MOE_VC135,Percent; Margin of Error; SELECTED MONTHLY OWNER COSTS AS A PERCENTAGE OF HOUSEHOLD INCOME (SMOCAPI) - Housing unit without a mortgage (excluding units where SMOCAPI cannot be computed) - 25.0 to 29.9 percent
HC01_EST_VC136,Number; Estimate; SELECTED MONTHLY OWNER COSTS AS A PERCENTAGE OF HOUSEHOLD INCOME (SMOCAPI) - Housing unit without a mortgage (excluding units where SMOCAPI cannot be computed) - 30.0 to 34.9 percent
HC01_MOE_VC136,Number; Margin of Error; SELECTED MONTHLY OWNER COSTS AS A PERCENTAGE OF HOUSEHOLD INCOME (SMOCAPI) - Housing unit without a mortgage (excluding units where SMOCAPI cannot be computed) - 30.0 to 34.9 percent
HC02_EST_VC136,Percent; Estimate; SELECTED MONTHLY OWNER COSTS AS A PERCENTAGE OF HOUSEHOLD INCOME (SMOCAPI) - Housing unit without a mortgage (excluding units where SMOCAPI cannot be computed) - 30.0 to 34.9 percent
HC02_MOE_VC136,Percent; Margin of Error; SELECTED MONTHLY OWNER COSTS AS A PERCENTAGE OF HOUSEHOLD INCOME (SMOCAPI) - Housing unit without a mortgage (excluding units where SMOCAPI cannot be computed) - 30.0 to 34.9 percent
HC01_EST_VC137,Number; Estimate; SELECTED MONTHLY OWNER COSTS AS A PERCENTAGE OF HOUSEHOLD INCOME (SMOCAPI) - Housing unit without a mortgage (excluding units where SMOCAPI cannot be computed) - 35.0 percent or more
HC01_MOE_VC137,Number; Margin of Error; SELECTED MONTHLY OWNER COSTS AS A PERCENTAGE OF HOUSEHOLD INCOME (SMOCAPI) - Housing unit without a mortgage (excluding units where SMOCAPI cannot be computed) - 35.0 percent or more
HC02_EST_VC137,Percent; Estimate; SELECTED MONTHLY OWNER COSTS AS A PERCENTAGE OF HOUSEHOLD INCOME (SMOCAPI) - Housing unit without a mortgage (excluding units where SMOCAPI cannot be computed) - 35.0 percent or more
HC02_MOE_VC137,Percent; Margin of Error; SELECTED MONTHLY OWNER COSTS AS A PERCENTAGE OF HOUSEHOLD INCOME (SMOCAPI) - Housing unit without a mortgage (excluding units where SMOCAPI cannot be computed) - 35.0 percent or more
HC01_EST_VC138,Number; Estimate; SELECTED MONTHLY OWNER COSTS AS A PERCENTAGE OF HOUSEHOLD INCOME (SMOCAPI) - Housing unit without a mortgage (excluding units where SMOCAPI cannot be computed) - Not computed
HC01_MOE_VC138,Number; Margin of Error; SELECTED MONTHLY OWNER COSTS AS A PERCENTAGE OF HOUSEHOLD INCOME (SMOCAPI) - Housing unit without a mortgage (excluding units where SMOCAPI cannot be computed) - Not computed
HC02_EST_VC138,Percent; Estimate; SELECTED MONTHLY OWNER COSTS AS A PERCENTAGE OF HOUSEHOLD INCOME (SMOCAPI) - Housing unit without a mortgage (excluding units where SMOCAPI cannot be computed) - Not computed
HC02_MOE_VC138,Percent; Margin of Error; SELECTED MONTHLY OWNER COSTS AS A PERCENTAGE OF HOUSEHOLD INCOME (SMOCAPI) - Housing unit without a mortgage (excluding units where SMOCAPI cannot be computed) - Not computed
HC01_EST_VC140,Number; Estimate; GROSS RENT - Occupied units paying rent
HC01_MOE_VC140,Number; Margin of Error; GROSS RENT - Occupied units paying rent
HC02_EST_VC140,Percent; Estimate; GROSS RENT - Occupied units paying rent
HC02_MOE_VC140,Percent; Margin of Error; GROSS RENT - Occupied units paying rent
HC01_EST_VC141,Number; Estimate; GROSS RENT - Occupied units paying rent - Less than $200
HC01_MOE_VC141,Number; Margin of Error; GROSS RENT - Occupied units paying rent - Less than $200
HC02_EST_VC141,Percent; Estimate; GROSS RENT - Occupied units paying rent - Less than $200
HC02_MOE_VC141,Percent; Margin of Error; GROSS RENT - Occupied units paying rent - Less than $200
HC01_EST_VC142,Number; Estimate; GROSS RENT - Occupied units paying rent - $200 to $299
HC01_MOE_VC142,Number; Margin of Error; GROSS RENT - Occupied units paying rent - $200 to $299
HC02_EST_VC142,Percent; Estimate; GROSS RENT - Occupied units paying rent - $200 to $299
HC02_MOE_VC142,Percent; Margin of Error; GROSS RENT - Occupied units paying rent - $200 to $299
HC01_EST_VC143,Number; Estimate; GROSS RENT - Occupied units paying rent - $300 to $499
HC01_MOE_VC143,Number; Margin of Error; GROSS RENT - Occupied units paying rent - $300 to $499
HC02_EST_VC143,Percent; Estimate; GROSS RENT - Occupied units paying rent - $300 to $499
HC02_MOE_VC143,Percent; Margin of Error; GROSS RENT - Occupied units paying rent - $300 to $499
HC01_EST_VC144,Number; Estimate; GROSS RENT - Occupied units paying rent - $500 to $749
HC01_MOE_VC144,Number; Margin of Error; GROSS RENT - Occupied units paying rent - $500 to $749
HC02_EST_VC144,Percent; Estimate; GROSS RENT - Occupied units paying rent - $500 to $749
HC02_MOE_VC144,Percent; Margin of Error; GROSS RENT - Occupied units paying rent - $500 to $749
HC01_EST_VC145,Number; Estimate; GROSS RENT - Occupied units paying rent - $750 to $999
HC01_MOE_VC145,Number; Margin of Error; GROSS RENT - Occupied units paying rent - $750 to $999
HC02_EST_VC145,Percent; Estimate; GROSS RENT - Occupied units paying rent - $750 to $999
HC02_MOE_VC145,Percent; Margin of Error; GROSS RENT - Occupied units paying rent - $750 to $999
HC01_EST_VC146,"Number; Estimate; GROSS RENT - Occupied units paying rent - $1,000 to $1,499"
HC01_MOE_VC146,"Number; Margin of Error; GROSS RENT - Occupied units paying rent - $1,000 to $1,499"
HC02_EST_VC146,"Percent; Estimate; GROSS RENT - Occupied units paying rent - $1,000 to $1,499"
HC02_MOE_VC146,"Percent; Margin of Error; GROSS RENT - Occupied units paying rent - $1,000 to $1,499"
HC01_EST_VC147,"Number; Estimate; GROSS RENT - Occupied units paying rent - $1,500 or more"
HC01_MOE_VC147,"Number; Margin of Error; GROSS RENT - Occupied units paying rent - $1,500 or more"
HC02_EST_VC147,"Percent; Estimate; GROSS RENT - Occupied units paying rent - $1,500 or more"
HC02_MOE_VC147,"Percent; Margin of Error; GROSS RENT - Occupied units paying rent - $1,500 or more"
HC01_EST_VC148,Number; Estimate; GROSS RENT - Occupied units paying rent - Median (dollars)
HC01_MOE_VC148,Number; Margin of Error; GROSS RENT - Occupied units paying rent - Median (dollars)
HC02_EST_VC148,Percent; Estimate; GROSS RENT - Occupied units paying rent - Median (dollars)
HC02_MOE_VC148,Percent; Margin of Error; GROSS RENT - Occupied units paying rent - Median (dollars)
HC01_EST_VC149,Number; Estimate; GROSS RENT - Occupied units paying rent - No rent paid
HC01_MOE_VC149,Number; Margin of Error; GROSS RENT - Occupied units paying rent - No rent paid
HC02_EST_VC149,Percent; Estimate; GROSS RENT - Occupied units paying rent - No rent paid
HC02_MOE_VC149,Percent; Margin of Error; GROSS RENT - Occupied units paying rent - No rent paid
HC01_EST_VC151,Number; Estimate; GROSS RENT AS A PERCENTAGE OF HOUSEHOLD INCOME (GRAPI) - Occupied units paying rent (excluding units where GRAPI cannot be computed)
HC01_MOE_VC151,Number; Margin of Error; GROSS RENT AS A PERCENTAGE OF HOUSEHOLD INCOME (GRAPI) - Occupied units paying rent (excluding units where GRAPI cannot be computed)
HC02_EST_VC151,Percent; Estimate; GROSS RENT AS A PERCENTAGE OF HOUSEHOLD INCOME (GRAPI) - Occupied units paying rent (excluding units where GRAPI cannot be computed)
HC02_MOE_VC151,Percent; Margin of Error; GROSS RENT AS A PERCENTAGE OF HOUSEHOLD INCOME (GRAPI) - Occupied units paying rent (excluding units where GRAPI cannot be computed)
HC01_EST_VC152,Number; Estimate; GROSS RENT AS A PERCENTAGE OF HOUSEHOLD INCOME (GRAPI) - Occupied units paying rent (excluding units where GRAPI cannot be computed) - Less than 15.0 percent
HC01_MOE_VC152,Number; Margin of Error; GROSS RENT AS A PERCENTAGE OF HOUSEHOLD INCOME (GRAPI) - Occupied units paying rent (excluding units where GRAPI cannot be computed) - Less than 15.0 percent
HC02_EST_VC152,Percent; Estimate; GROSS RENT AS A PERCENTAGE OF HOUSEHOLD INCOME (GRAPI) - Occupied units paying rent (excluding units where GRAPI cannot be computed) - Less than 15.0 percent
HC02_MOE_VC152,Percent; Margin of Error; GROSS RENT AS A PERCENTAGE OF HOUSEHOLD INCOME (GRAPI) - Occupied units paying rent (excluding units where GRAPI cannot be computed) - Less than 15.0 percent
HC01_EST_VC153,Number; Estimate; GROSS RENT AS A PERCENTAGE OF HOUSEHOLD INCOME (GRAPI) - Occupied units paying rent (excluding units where GRAPI cannot be computed) - 15.0 to 19.9 percent
HC01_MOE_VC153,Number; Margin of Error; GROSS RENT AS A PERCENTAGE OF HOUSEHOLD INCOME (GRAPI) - Occupied units paying rent (excluding units where GRAPI cannot be computed) - 15.0 to 19.9 percent
HC02_EST_VC153,Percent; Estimate; GROSS RENT AS A PERCENTAGE OF HOUSEHOLD INCOME (GRAPI) - Occupied units paying rent (excluding units where GRAPI cannot be computed) - 15.0 to 19.9 percent
HC02_MOE_VC153,Percent; Margin of Error; GROSS RENT AS A PERCENTAGE OF HOUSEHOLD INCOME (GRAPI) - Occupied units paying rent (excluding units where GRAPI cannot be computed) - 15.0 to 19.9 percent
HC01_EST_VC154,Number; Estimate; GROSS RENT AS A PERCENTAGE OF HOUSEHOLD INCOME (GRAPI) - Occupied units paying rent (excluding units where GRAPI cannot be computed) - 20.0 to 24.9 percent
HC01_MOE_VC154,Number; Margin of Error; GROSS RENT AS A PERCENTAGE OF HOUSEHOLD INCOME (GRAPI) - Occupied units paying rent (excluding units where GRAPI cannot be computed) - 20.0 to 24.9 percent
HC02_EST_VC154,Percent; Estimate; GROSS RENT AS A PERCENTAGE OF HOUSEHOLD INCOME (GRAPI) - Occupied units paying rent (excluding units where GRAPI cannot be computed) - 20.0 to 24.9 percent
HC02_MOE_VC154,Percent; Margin of Error; GROSS RENT AS A PERCENTAGE OF HOUSEHOLD INCOME (GRAPI) - Occupied units paying rent (excluding units where GRAPI cannot be computed) - 20.0 to 24.9 percent
HC01_EST_VC155,Number; Estimate; GROSS RENT AS A PERCENTAGE OF HOUSEHOLD INCOME (GRAPI) - Occupied units paying rent (excluding units where GRAPI cannot be computed) - 25.0 to 29.9 percent
HC01_MOE_VC155,Number; Margin of Error; GROSS RENT AS A PERCENTAGE OF HOUSEHOLD INCOME (GRAPI) - Occupied units paying rent (excluding units where GRAPI cannot be computed) - 25.0 to 29.9 percent
HC02_EST_VC155,Percent; Estimate; GROSS RENT AS A PERCENTAGE OF HOUSEHOLD INCOME (GRAPI) - Occupied units paying rent (excluding units where GRAPI cannot be computed) - 25.0 to 29.9 percent
HC02_MOE_VC155,Percent; Margin of Error; GROSS RENT AS A PERCENTAGE OF HOUSEHOLD INCOME (GRAPI) - Occupied units paying rent (excluding units where GRAPI cannot be computed) - 25.0 to 29.9 percent
HC01_EST_VC156,Number; Estimate; GROSS RENT AS A PERCENTAGE OF HOUSEHOLD INCOME (GRAPI) - Occupied units paying rent (excluding units where GRAPI cannot be computed) - 30.0 to 34.9 percent
HC01_MOE_VC156,Number; Margin of Error; GROSS RENT AS A PERCENTAGE OF HOUSEHOLD INCOME (GRAPI) - Occupied units paying rent (excluding units where GRAPI cannot be computed) - 30.0 to 34.9 percent
HC02_EST_VC156,Percent; Estimate; GROSS RENT AS A PERCENTAGE OF HOUSEHOLD INCOME (GRAPI) - Occupied units paying rent (excluding units where GRAPI cannot be computed) - 30.0 to 34.9 percent
HC02_MOE_VC156,Percent; Margin of Error; GROSS RENT AS A PERCENTAGE OF HOUSEHOLD INCOME (GRAPI) - Occupied units paying rent (excluding units where GRAPI cannot be computed) - 30.0 to 34.9 percent
HC01_EST_VC157,Number; Estimate; GROSS RENT AS A PERCENTAGE OF HOUSEHOLD INCOME (GRAPI) - Occupied units paying rent (excluding units where GRAPI cannot be computed) - 35.0 percent or more
HC01_MOE_VC157,Number; Margin of Error; GROSS RENT AS A PERCENTAGE OF HOUSEHOLD INCOME (GRAPI) - Occupied units paying rent (excluding units where GRAPI cannot be computed) - 35.0 percent or more
HC02_EST_VC157,Percent; Estimate; GROSS RENT AS A PERCENTAGE OF HOUSEHOLD INCOME (GRAPI) - Occupied units paying rent (excluding units where GRAPI cannot be computed) - 35.0 percent or more
HC02_MOE_VC157,Percent; Margin of Error; GROSS RENT AS A PERCENTAGE OF HOUSEHOLD INCOME (GRAPI) - Occupied units paying rent (excluding units where GRAPI cannot be computed) - 35.0 percent or more
HC01_EST_VC158,Number; Estimate; GROSS RENT AS A PERCENTAGE OF HOUSEHOLD INCOME (GRAPI) - Occupied units paying rent (excluding units where GRAPI cannot be computed) - Not computed
HC01_MOE_VC158,Number; Margin of Error; GROSS RENT AS A PERCENTAGE OF HOUSEHOLD INCOME (GRAPI) - Occupied units paying rent (excluding units where GRAPI cannot be computed) - Not computed
HC02_EST_VC158,Percent; Estimate; GROSS RENT AS A PERCENTAGE OF HOUSEHOLD INCOME (GRAPI) - Occupied units paying rent (excluding units where GRAPI cannot be computed) - Not computed
HC02_MOE_VC158,Percent; Margin of Error; GROSS RENT AS A PERCENTAGE OF HOUSEHOLD INCOME (GRAPI) - Occupied units paying rent (excluding units where GRAPI cannot be computed) - Not computed
